,Adjective,Adj_Type,Count,PP,NMod,Bare_in_PP_Sing,Bare_in_PP_Pl,Bare_in_NP_Sing,Bare_in_NP_Pl,PP_in_NP,PP_in_VP,PP_in_AP,PP_Percent,Prep_Entropies,HW_Entropies,PP_HW_Entropies
0,local,Relational,46211,23719,0.048321828136158054,0.276402883764071,0.36177747797124665,0.282465213910108,0.35134491787669603,0.5177705636831232,0.39373498039546356,0.036510814115266244,0.5132760598125987,1.911868100413436,5.782461487734187,7.231499435271937
1,national,Relational,30192,14691,0.10429915209326975,0.33047444013341504,0.1884827445374719,0.3430047694753577,0.16676603073661897,0.5943094411544483,0.3261180314478252,0.03199237628480022,0.48658585055643877,1.7581988871527887,6.0155108496676615,7.055252847338661
2,political,Relational,30428,14285,0.022380701985013803,0.3883094154707735,0.27616380819040953,0.3560864992769817,0.246582095438412,0.5770388519425971,0.3103955197759888,0.03927196359817991,0.46946891021427634,1.6145346931162794,6.069184217499464,7.0789213561021285
3,public,Relational,31335,13661,0.1624062549864369,0.424639484664373,0.24097796647390382,0.4343705122067975,0.20236157651188766,0.5566210379913623,0.34880316228680186,0.03989459043993851,0.435966172012127,1.6348589692957491,5.407755055405685,7.005910563828677
4,economic,Relational,23941,10776,0.057850549266947916,0.486358574610245,0.24610244988864144,0.4444258802890439,0.21736769558497973,0.642260579064588,0.2606718634001485,0.03888270230141054,0.4501065118416106,1.61726419605124,5.4932767090040056,6.8524386827910035
5,international,Relational,19011,8787,0.039030035242754196,0.36997837714805965,0.25059747354045747,0.3568460365051812,0.23333859344589974,0.5929213611016274,0.33469898714009333,0.02367133265050643,0.4622060912103519,1.7904465944552714,6.043317231760186,6.917668727934231
6,european,Relational,14583,8046,0.07159020777617774,0.24857071836937608,0.3093462590106885,0.2696290200918878,0.28327504628677225,0.5906040268456376,0.31792194879443203,0.03554561272682078,0.5517383254474388,1.8014035860970397,5.426867592993384,6.928382324945748
7,financial,Relational,15969,7128,0.05974074769866616,0.30808080808080807,0.34441638608305275,0.33026488822092803,0.3181163504289561,0.5370370370370371,0.35970819304152635,0.03268799102132435,0.4463648318617321,1.7752477108191942,5.146615600266291,6.716148648569898
8,american,Relational,11866,5514,0.04297994269340974,0.2841857091040987,0.3258977149075082,0.28147648744311476,0.28400471936625654,0.573449401523395,0.32861806311207836,0.042437431991294884,0.4646890274734536,1.7225196329320196,6.49254824752459,7.051969667389087
9,individual,Relational,13511,7035,0.04041151654207683,0.17569296375266524,0.5356076759061834,0.1905114351269336,0.479461179779439,0.5874911158493248,0.31755508173418623,0.03695806680881308,0.5206868477536822,1.6766754220291067,6.652228146069555,6.915840060756392
10,natural,Relational,14111,5291,0.09949684643186167,0.4365904365904366,0.2424872424872425,0.36163276876195877,0.17482814825313586,0.5293895293895294,0.35664335664335667,0.05462105462105462,0.3749557083126639,1.5529116660460047,5.193650652612616,6.575948323984909
11,legal,Relational,13156,5310,0.041653998175737304,0.33408662900188324,0.2919020715630885,0.3351322590453025,0.24931590148981453,0.5414312617702448,0.3463276836158192,0.04745762711864407,0.40361812100942535,1.6071540230630603,5.408629633763834,6.548277599515847
12,industrial,Relational,11600,6033,0.09129310344827586,0.3732802917288248,0.3232222774738936,0.38275862068965516,0.2944827586206897,0.6303663185811371,0.2708436930217139,0.03712912315597547,0.5200862068965517,1.6536517028213216,5.406249426231411,6.866886310785361
13,military,Relational,10231,4942,0.041247189913009484,0.4030756778632133,0.27033589639821937,0.3829537679601212,0.24679894438471311,0.5637393767705382,0.3462161068393363,0.0339943342776204,0.483041735900694,1.6564256444388952,5.8859890993754895,6.803323628107718
14,professional,Relational,10783,4523,0.02847074098117407,0.36480212248507626,0.31726730046429363,0.32894370768802744,0.27190948715570806,0.5432235242095954,0.35640061905814724,0.03758567322573513,0.41945655197996845,1.6609445311942441,5.9486526461422775,6.569300897066202
15,traditional,Relational,9850,4788,0.018172588832487308,0.24791144527986633,0.3362573099415205,0.24923857868020305,0.2968527918781726,0.4674185463659148,0.38596491228070173,0.05973266499582289,0.48609137055837565,1.8002906453687109,6.487052612300658,6.680940450894617
16,german,Relational,10705,4517,0.045305931807566556,0.32100951959265,0.2317910117334514,0.28958430639887905,0.20551144325081738,0.5656409121098074,0.34536196590657514,0.03342926721275183,0.42195235871088277,1.8528491081996028,6.3943675469421635,6.984758765951721
17,medical,Relational,8694,3980,0.06993328732459167,0.3972361809045226,0.2804020100502513,0.41626409017713367,0.24603174603174602,0.5469849246231155,0.35954773869346734,0.035175879396984924,0.45778697952610997,1.8406442373188163,5.164181557380501,6.60296238870264
18,physical,Relational,9387,4156,0.036646425908170875,0.4607795957651588,0.20981713185755535,0.41600085224246297,0.18280600830936403,0.5392204042348412,0.32868142444658327,0.06039461020211742,0.442739959518483,1.5622378120575577,5.788119551666004,6.486884348642938
19,environmental,Relational,8315,3244,0.1407095610342754,0.36775585696670776,0.4343403205918619,0.3733012627781118,0.36067348165965124,0.6155980271270037,0.28822441430332923,0.04192355117139334,0.39013830426939267,1.8327500618237158,5.247775651810681,6.378723109637505
20,annual,Relational,8179,3492,0.027754004156987408,0.3536655211912944,0.14518900343642613,0.3856217141459836,0.1557647634185108,0.4040664375715922,0.5094501718213058,0.03379152348224513,0.4269470595427314,1.7842087731931369,5.09127311332951,6.10750893138454
21,regional,Relational,7658,3496,0.04100287281274484,0.31178489702517165,0.3352402745995423,0.32554191694959517,0.30386523896578743,0.5354691075514875,0.3772883295194508,0.031178489702517163,0.4565160616348916,1.773320126498693,5.625322605354233,6.452644584521661
22,commercial,Relational,7831,3528,0.07048908185416933,0.33843537414965985,0.3543083900226757,0.33520623164346824,0.2870642318988635,0.483843537414966,0.4039115646258503,0.05442176870748299,0.45051717532882135,1.8669771211201553,5.970842758761915,6.602429972463341
23,official,Relational,7702,3080,0.022072189041807324,0.2883116883116883,0.2701298701298701,0.3075824461178915,0.24591015320695922,0.4237012987012987,0.462987012987013,0.03668831168831169,0.3998961308750974,1.8457484318547392,5.845182321186968,6.406544366803769
24,sexual,Relational,6875,3416,0.03418181818181818,0.5819672131147541,0.2268735362997658,0.5367272727272727,0.21716363636363636,0.6223653395784543,0.2848360655737705,0.045081967213114756,0.4968727272727273,1.3889603718359977,5.211672312426458,6.465492964868696
25,domestic,Relational,6934,3604,0.06316700317277185,0.37846836847946724,0.35987791342952274,0.38347274300548023,0.31871935390827805,0.5704772475027747,0.32519422863485015,0.04411764705882353,0.5197577156042689,1.7429785653286116,5.662315126572891,6.555550596335102
26,internal,Relational,6687,3009,0.0711828921788545,0.32801595214356927,0.3363243602525756,0.3261552265589951,0.28906834155824734,0.5417082087072117,0.35925556663343305,0.04287138584247258,0.4499775684163302,1.5870511312484037,5.591046119377523,6.19657508170035
27,potential,Relational,6710,2667,0.015499254843517139,0.22422197225346832,0.42144731908511435,0.21013412816691504,0.3657228017883756,0.5249343832020997,0.34495688038995126,0.0562429696287964,0.39746646795827123,1.4942464355947076,6.027330416213994,6.074961694903475
28,technical,Relational,6693,2667,0.055132227700582695,0.3618297712785902,0.2995875515560555,0.3563424473330345,0.25399671298371435,0.5084364454443194,0.3644544431946007,0.04611923509561305,0.39847601972209773,1.6594442038475385,5.527664731479491,6.285744799197748
29,cultural,Relational,6691,3058,0.024659991032730533,0.3855461085676913,0.3145846958796599,0.3147511582723061,0.26244208638469585,0.6288423806409418,0.27992151733158926,0.041203400915631135,0.4570318338066059,1.4406133652297433,5.8649072390032035,6.4497949377234765
30,christian,Relational,4670,2266,0.06209850107066381,0.37996469549867606,0.20255957634598412,0.3805139186295503,0.1802997858672377,0.5931156222418358,0.3067078552515446,0.04457193292144748,0.48522483940042827,1.5863769888407022,5.276422271096883,6.45315755685776
31,democratic,Relational,4713,2147,0.0791427965202631,0.35165346995808106,0.2384722869119702,0.33672819859961806,0.19669000636537237,0.6376339077782953,0.2864462040055892,0.031672100605496044,0.4555484829195841,1.5494278097393943,5.032016001876697,6.051396490852922
32,educational,Relational,5746,2896,0.04089801601113818,0.3349447513812155,0.3736187845303867,0.313783501566307,0.33762617473024714,0.6367403314917127,0.281767955801105,0.03383977900552486,0.504002784545771,1.7659684948809244,5.1507209579527125,6.2576970789336634
33,mental,Relational,5765,2712,0.033477883781439725,0.48746312684365783,0.23635693215339232,0.41699913269731137,0.208326105810928,0.6382743362831859,0.27654867256637167,0.031342182890855455,0.4704249783174328,1.6306503087311486,4.700705818517633,6.047144045779401
34,scientific,Relational,5828,2906,0.05061770761839396,0.45629731589814176,0.24604267033723332,0.41592312971859985,0.21568291008922444,0.608052305574673,0.2973158981417756,0.04198210598761184,0.498627316403569,1.4505821786826083,5.414161228819101,6.414461565235121
35,historical,Relational,5555,2793,0.031863186318631866,0.37808807733619765,0.2613677049767275,0.33357335733573357,0.22934293429342933,0.5209452201933404,0.3770139634801289,0.047977085571070534,0.5027902790279027,1.4255088301531622,5.703353022451485,6.323565355771535
36,urban,Relational,5492,3016,0.06973780043699927,0.3209549071618037,0.35046419098143233,0.3372177713037145,0.29278951201748,0.6160477453580901,0.27950928381962864,0.042771883289124665,0.5491624180626365,1.7868753568788434,5.193634254646732,6.555145151041479
37,russian,Relational,4708,2063,0.0951571792693288,0.29956374212312165,0.2375181774115366,0.31244689889549704,0.1949872557349193,0.6025206010664081,0.3247697527872031,0.024721279689772176,0.43819031435853867,1.7722436829930128,5.976322664029983,6.52386502910986
38,external,Relational,4852,2233,0.05894476504534213,0.26959247648902823,0.3878190774742499,0.2840065952184666,0.3246084089035449,0.5042543663233319,0.3837886251679355,0.04791759964173757,0.46022258862324816,1.8063745863325211,5.536766683704128,6.111099154796712
39,roman,Relational,3752,1764,0.08395522388059702,0.2709750566893424,0.20634920634920634,0.27398720682302774,0.17777185501066098,0.5668934240362812,0.3168934240362812,0.03798185941043084,0.4701492537313433,1.5386645691255643,5.0890160529328075,6.2418414965142155
40,academic,Relational,4711,2420,0.02759499044788792,0.3495867768595041,0.2863636363636364,0.31819146677987686,0.25429845043515176,0.5669421487603306,0.33429752066115703,0.043801652892561986,0.5136913606452982,1.743515133129834,5.31227606843378,6.289013524393291
41,parliamentary,Relational,4267,2207,0.029528943051324117,0.3647485274127775,0.22338015405527867,0.39934380126552615,0.20810874150456996,0.55595831445401,0.3380154055278659,0.03398278205709107,0.517225216779939,1.5661574448411104,4.863279035503051,6.169321541470552
42,african,Relational,3317,1698,0.07295749170937595,0.2744405182567727,0.36042402826855124,0.2882122399758818,0.31444075972264096,0.6213191990577149,0.29328621908127206,0.022968197879858657,0.5119083509195056,1.7823136480371506,5.4279547032023325,6.19209668843126
43,agricultural,Relational,4085,2162,0.08151774785801713,0.410268270120259,0.30249768732654947,0.408812729498164,0.2736842105263158,0.6290471785383904,0.2816836262719704,0.037927844588344126,0.5292533659730723,1.6339536402227557,4.888651786205735,6.2906996207418775
44,italian,Relational,4645,1834,0.060495156081808395,0.31679389312977096,0.22355507088331517,0.3108719052744887,0.17308934337997847,0.5512540894220284,0.36150490730643403,0.04089422028353326,0.39483315392895585,1.6752685682443593,6.016394901021765,6.4368030603695985
45,federal,Relational,3108,1476,0.06402831402831403,0.2994579945799458,0.17411924119241193,0.3507078507078507,0.1537966537966538,0.5724932249322493,0.35772357723577236,0.02100271002710027,0.4749034749034749,1.9338165357332333,4.630558897198074,5.9974998390162
46,indian,Relational,3194,1540,0.03256105197244834,0.2727272727272727,0.3012987012987013,0.28240450845335,0.26268002504696303,0.5655844155844156,0.35064935064935066,0.025974025974025976,0.48215403882279273,1.8104976842775917,5.768842345008087,6.368185728133792
47,global,Relational,3529,1630,0.05695664494190989,0.4423312883435583,0.1607361963190184,0.4412014735052423,0.1490507225843015,0.6558282208588957,0.2846625766871166,0.024539877300613498,0.4618872201756872,1.6679581430155455,4.782749454098882,6.005007825202793
48,chemical,Relational,1125,501,0.10666666666666667,0.3033932135728543,0.4251497005988024,0.28,0.3537777777777778,0.6207584830339321,0.27345309381237526,0.05189620758483034,0.44533333333333336,1.355008284017623,3.8159873961692328,5.03191279722416
49,electronic,Relational,3366,1146,0.20320855614973263,0.3656195462478185,0.32111692844677137,0.4185977421271539,0.26143790849673204,0.5663176265270506,0.3472949389179756,0.04101221640488656,0.3404634581105169,1.5392234695455733,5.0452211771282975,5.80512786839662
50,literary,Relational,3384,1763,0.03516548463356974,0.39251276233692567,0.27680090754395914,0.37440898345153667,0.2502955082742317,0.6398184912081679,0.2558139534883721,0.049347702779353374,0.5209810874704491,1.4307959360518487,5.141171751547127,6.245879595476042
51,electric,Relational,3174,1091,0.12413358538122243,0.31347387717690195,0.2447296058661778,0.353182104599874,0.19880277252678008,0.5050412465627865,0.4005499541704858,0.04766269477543538,0.34373030875866417,1.63323353661905,4.941582535399223,5.838302155094464
52,catholic,Relational,2699,1316,0.03556872915894776,0.23708206686930092,0.23708206686930092,0.23304927751018895,0.21267135976287513,0.5820668693009119,0.32674772036474165,0.03419452887537994,0.48758799555390886,1.6573399886758071,4.825854915111422,6.083891839747723
53,classical,Relational,3424,1851,0.04994158878504673,0.4035656401944895,0.2069151809832523,0.401285046728972,0.17844626168224298,0.5364667747163695,0.3479200432198811,0.04916261480280929,0.5405957943925234,1.4497812328404804,5.391931754181558,6.309662254166132
54,constitutional,Relational,2996,1445,0.03638184245660881,0.3771626297577855,0.2477508650519031,0.3354472630173565,0.23598130841121495,0.6262975778546713,0.29204152249134946,0.03667820069204152,0.4823097463284379,1.7917557167080005,4.705965357232499,5.9369799025001235
55,residential,Relational,2944,1664,0.058423913043478264,0.40024038461538464,0.34134615384615385,0.41372282608695654,0.30197010869565216,0.5396634615384616,0.37439903846153844,0.03064903846153846,0.5652173913043478,1.7620596506630293,3.591492041649465,5.719382157450577
56,theoretical,Relational,2954,1267,0.012863913337846988,0.27308602999210735,0.31018153117600633,0.25220040622884227,0.2576167907921462,0.47987371744277824,0.3749013417521705,0.06156274664561957,0.42890995260663506,1.6235904291798455,5.21763841774845,5.739259092448698
57,clinical,Relational,3004,1401,0.05892143808255659,0.4282655246252677,0.30977872947894364,0.40246338215712385,0.28195739014647137,0.5082084225553176,0.38900785153461814,0.04568165596002855,0.4663781624500666,1.6979230107841659,5.082497502300651,5.756353360962666
58,monetary,Relational,2592,1098,0.08410493827160494,0.5109289617486339,0.16757741347905283,0.42052469135802467,0.12345679012345678,0.6903460837887068,0.2540983606557377,0.023679417122040074,0.4236111111111111,1.679870948080713,3.3165098292767103,5.727318322606282
59,structural,Relational,2739,1092,0.058415480102227094,0.3342490842490842,0.3553113553113553,0.32603139832055494,0.31288791529755383,0.5595238095238095,0.32875457875457875,0.040293040293040296,0.39868565169769987,1.4693373429670162,4.811397621153951,5.622997210712541
60,psychological,Relational,2777,1018,0.023046453006841917,0.3555992141453831,0.32220039292730845,0.2711559236586244,0.2502700756211739,0.5029469548133595,0.3762278978388998,0.03929273084479371,0.3665826431400792,1.461183098284262,5.248476222658419,5.685465624603726
61,classic,Relational,2606,863,0.06868764389869532,0.2931633835457706,0.18076477404403243,0.3219493476592479,0.14773599386032232,0.4183082271147161,0.44727694090382386,0.04171494785631518,0.33115886415963164,1.6880739316008218,5.454792809484411,5.623516475863262
62,intellectual,Relational,2844,1138,0.0720815752461322,0.4797891036906854,0.1766256590509666,0.4212376933895921,0.14240506329113925,0.546572934973638,0.3312829525483304,0.0632688927943761,0.40014064697609003,1.3105094986492651,5.399390559922534,5.759047568080405
63,medieval,Relational,2398,1402,0.03419516263552961,0.32168330955777463,0.28815977175463625,0.3010842368640534,0.25771476230191825,0.5406562054208274,0.34165477888730383,0.0456490727532097,0.5846538782318599,1.3416824617733716,5.503466926320925,6.144758958436835
64,linguistic,Relational,2582,1397,0.021688613477924088,0.42233357193987114,0.2963493199713672,0.3597986057319907,0.2714949651432998,0.6492483894058697,0.2655690765926986,0.04581245526127416,0.5410534469403563,1.2623231965760466,5.226161816922717,5.745434418432897
65,judicial,Relational,2490,1302,0.03253012048192771,0.5837173579109063,0.1313364055299539,0.5004016064257029,0.15100401606425704,0.598310291858679,0.2880184331797235,0.07757296466973887,0.5228915662650603,1.4210574101776134,3.7385587575167536,5.3844366287114465
66,victorian,Relational,2330,1168,0.08197424892703863,0.2945205479452055,0.2705479452054795,0.31716738197424893,0.2223175965665236,0.5205479452054794,0.3570205479452055,0.05051369863013699,0.5012875536480687,1.3239717845798185,5.330081921800447,6.055854792513708
67,imperial,Relational,2339,1204,0.10004275331338179,0.36710963455149503,0.1420265780730897,0.36938862761864044,0.13125267208208635,0.584717607973422,0.3430232558139535,0.029900332225913623,0.5147498931167166,1.5550655237452053,5.342040232519208,6.1776746066899255
68,australian,Relational,2367,934,0.0904098014364174,0.30728051391862954,0.18629550321199143,0.3523447401774398,0.16518800168990283,0.5802997858672377,0.33940042826552463,0.02462526766595289,0.3945923109421208,2.082847136876495,5.601504350339797,5.964743069329083
69,revolutionary,Relational,2378,1116,0.02691337258200168,0.3897849462365591,0.1496415770609319,0.33767872161480234,0.13624894869638352,0.5940860215053764,0.31362007168458783,0.03046594982078853,0.4693019343986543,1.3936392562149948,5.29937218391998,5.9462784160794335
70,historic,Relational,2265,1037,0.0631346578366446,0.2719382835101254,0.32883317261330763,0.2922737306843267,0.28300220750551874,0.5303760848601736,0.343297974927676,0.03953712632594021,0.4578366445916115,1.5758832009654606,5.076243995749631,5.737071510065437
71,electrical,Relational,2274,836,0.10642040457343888,0.36483253588516745,0.32177033492822965,0.37467018469656993,0.28100263852242746,0.5873205741626795,0.33133971291866027,0.03110047846889952,0.3676341248900616,1.5309646389041203,4.584367687182201,5.581388978638255
72,spiritual,Relational,2290,905,0.024890829694323144,0.4552486187845304,0.1569060773480663,0.3812227074235808,0.12096069868995633,0.5392265193370166,0.3624309392265193,0.05414364640883978,0.3951965065502183,1.4349826778422234,5.258176661624599,5.640656162355279
73,presidential,Relational,2149,1082,0.07166123778501629,0.31608133086876156,0.22920517560073936,0.34713820381572824,0.24383434155421127,0.5517560073937153,0.3826247689463956,0.011090573012939002,0.5034899953466728,1.641086700540232,3.3222040794256857,5.452331919950838
74,gastric,Relational,1569,838,0.12810707456978968,0.6121718377088305,0.21121718377088305,0.6086679413639261,0.17718291905672404,0.7756563245823389,0.18138424821002386,0.021479713603818614,0.5340981516889739,1.5691877645960934,3.9584459021412703,5.115060115439333
75,statistical,Relational,2103,775,0.0461245839277223,0.36,0.3109677419354839,0.3961008083689967,0.2524964336661912,0.5096774193548387,0.3896774193548387,0.04645161290322581,0.36852116024726583,1.472267053750449,4.569241882139409,5.180692210976675
76,diplomatic,Relational,1964,780,0.012219959266802444,0.2653846153846154,0.4076923076923077,0.23523421588594703,0.4414460285132383,0.5756410256410256,0.308974358974359,0.03974358974358974,0.3971486761710794,1.3418261838925896,4.126622253285294,5.082810469201277
77,illegal,Relational,2379,703,0.013451029844472467,0.352773826458037,0.3442389758179232,0.2211013030685162,0.24548129466162252,0.5576102418207681,0.37980085348506404,0.02844950213371266,0.29550231189575454,1.5581192273747164,4.82164539617232,5.506068193003267
78,institutional,Relational,1971,896,0.040081177067478435,0.38169642857142855,0.28683035714285715,0.3424657534246575,0.273972602739726,0.5301339285714286,0.35825892857142855,0.044642857142857144,0.4545915778792491,1.7513341620186476,4.766622613183895,5.59872203775468
79,biological,Relational,1960,865,0.05357142857142857,0.34335260115606936,0.3630057803468208,0.3107142857142857,0.3137755102040816,0.5872832369942197,0.2971098265895954,0.056647398843930635,0.4413265306122449,1.499920755545129,5.164217930790501,5.640557488743858
80,mechanical,Relational,1991,855,0.03214465092918132,0.34035087719298246,0.28771929824561404,0.3329984932194877,0.23304871923656453,0.512280701754386,0.3707602339181287,0.047953216374269005,0.4294324460070316,1.5349962119143588,5.011193920686537,5.55859453729631
81,asian,Relational,1741,784,0.06892590465249857,0.21173469387755103,0.4885204081632653,0.21941412981045377,0.37794371051120046,0.6696428571428571,0.24107142857142858,0.042091836734693876,0.45031591039632396,1.810256074165921,4.854315131798587,5.742002073431911
82,high,Qualitative,40721,12345,0.1708700670415756,0.3542324827865533,0.23758606723369785,0.3458657695046782,0.15564450774784508,0.4050222762251924,0.4844066423653301,0.03718104495747266,0.3031605314211341,1.949806597133285,5.83253210836947,7.2110324677761195
83,long,Qualitative,40877,12399,0.14416419991682364,0.2221953383337366,0.1813049439470925,0.26151625608532914,0.1184529197348142,0.24219695136704572,0.6539237035244778,0.04153560771029922,0.30332460797025224,1.955532983358213,5.982273027910012,6.804728987078613
84,large,Qualitative,35572,12222,0.044220173169908915,0.13066601210931109,0.366143020782196,0.16035083773754638,0.29242100528505566,0.37473408607429226,0.5184094256259205,0.0390279823269514,0.3435848420105701,1.753455675727439,6.303849972139203,7.1145162745910255
85,general,Qualitative,34033,13635,0.047453941762407074,0.3317931793179318,0.17323065639897323,0.3206005935415626,0.1350747803602386,0.4203887055372204,0.46541987532086543,0.03901723505683902,0.40064055475567834,1.954001589870724,5.914280041338941,6.947330092906412
86,young,Qualitative,30927,9838,0.020920231512917515,0.12278918479365725,0.4917666192315511,0.17279399877130017,0.3363080803181686,0.5121976011384428,0.3688757877617402,0.051941451514535476,0.3181039221392311,1.6565121919887016,4.914657751505628,6.864913448265165
87,full,Qualitative,32285,7945,0.10921480563729286,0.518942731277533,0.10711139081183134,0.40489391358215887,0.08592225491714418,0.3022026431718062,0.5918187539332914,0.04153555695405916,0.24608951525476228,2.1407497669154547,6.159920149746352,6.8613722110078275
88,available,Qualitative,27029,3462,0.0017388730622664545,0.2772963604852686,0.40121317157712305,0.11206481926819342,0.11224980576417921,0.5476603119584056,0.30271519352975157,0.05285961871750433,0.1280846498205631,1.330644532962587,5.984350284351709,5.60855425208643
89,early,Qualitative,26802,14425,0.05902544586224909,0.2392374350086655,0.1697053726169844,0.2682262517722558,0.17692709499291098,0.27348353552859617,0.607209705372617,0.034246100519930676,0.5382061040220879,1.5907809404376536,5.906587974376796,7.18580924863594
90,big,Qualitative,25170,6589,0.031029002781088597,0.20807406283199273,0.19122780391561695,0.23531982518871672,0.14644417957886371,0.3080892396418273,0.535134314767036,0.040370314159963575,0.2617798967024235,2.027686874480247,6.24680630814689,6.823778050006954
91,clear,Qualitative,23090,2155,0.003637938501515808,0.28909512761020884,0.19907192575406032,0.09363360762234733,0.06548289302728454,0.32018561484918795,0.57169373549884,0.02923433874709977,0.09333044608055435,1.6334459801699606,5.6842992666590995,5.6721812086621854
92,real,Qualitative,22330,6573,0.05450067174205105,0.35204624980982807,0.23946447588620112,0.3096730855351545,0.1439767129422302,0.41122774988589683,0.4690400121710026,0.053856686444545866,0.29435736677115987,1.82417509230599,5.726125764286341,6.569777030843454
93,certain,Qualitative,21794,8355,0.005643755161971185,0.06068222621184919,0.6599640933572711,0.061943654216756905,0.5098651004863723,0.35990424895272294,0.5207660083782166,0.05206463195691203,0.3833623933192622,1.918305928879045,6.203948722153273,6.984006870918638
94,special,Qualitative,21633,7544,0.05445384366477141,0.2697507953340403,0.33390774125132555,0.28040493690195534,0.277723847825082,0.42629904559915166,0.4688494167550371,0.029294803817603392,0.34872648268848516,1.7341720633243216,5.615070478012294,6.465252967860771
95,black,Qualitative,23345,8099,0.07783251231527094,0.31016174836399557,0.29929620940856894,0.2889698008138788,0.22214606982223173,0.49376466230398813,0.40671687862699096,0.03765897024323991,0.3469265367316342,1.8271105701546704,6.327812790144465,7.260724328219286
96,difficult,Qualitative,21620,1637,0.0013876040703052729,0.14599877825290164,0.31459987782529014,0.04384828862164662,0.05055504162812211,0.24129505192425169,0.5974343310934637,0.028100183262064753,0.07571692876965773,2.003978308511377,5.146162581453779,5.6883254531489
97,open,Qualitative,23529,5604,0.08130392281864933,0.3269093504639543,0.1763026409707352,0.2107186875770326,0.10034425602448042,0.33886509635974305,0.5622769450392576,0.029621698786581014,0.23817416804794084,2.0404883215371163,5.769590060120418,6.694484678446054
98,white,Qualitative,21285,6374,0.07098895936105239,0.36272356448070286,0.2754941951678695,0.27028423772609816,0.16889828517735495,0.4836837150925635,0.41496705365547537,0.042516473172262315,0.29945971341320177,1.784770101271547,6.241495659439616,7.062970215211617
99,free,Qualitative,22767,4864,0.08749505863750165,0.4488075657894737,0.19058388157894737,0.29248473668028285,0.10339526507664602,0.5164473684210527,0.3879523026315789,0.03803453947368421,0.2136425528176747,1.653036739922325,5.757859951710321,6.665759595272854
100,common,Qualitative,20048,5693,0.04055267358339984,0.3746706481644124,0.1477252766555419,0.2652633679169992,0.10340183559457303,0.49868259265764975,0.3774811171614263,0.0456701212014755,0.2839684756584198,1.6776656357405568,5.490013202742972,6.648097323615098
101,short,Qualitative,21451,6454,0.13001724861311828,0.2857142857142857,0.19987604586303068,0.2697776327443942,0.11948160924898606,0.2703749612643322,0.6354198946389836,0.03393244499535172,0.300871754230572,1.9453963306957958,5.507693036882134,6.269948057338126
102,similar,Qualitative,18308,5377,0.0037688442211055275,0.20401710991259067,0.40357076436674727,0.1919379506226786,0.3156543587502731,0.36544541565928956,0.5506788171843036,0.028826483169053375,0.29369674459252787,1.6880769032305747,6.43404647879602,6.6926456137231565
103,necessary,Qualitative,17842,1326,0.0018495684340320592,0.23378582202111614,0.17345399698340874,0.0659679408138101,0.04668759107723349,0.3838612368024133,0.45852187028657615,0.05279034690799397,0.07431902253110638,1.6318305908655,5.686626277194055,5.691208559716545
104,single,Qualitative,19653,7883,0.08527960107871571,0.1874920715463656,0.1348471394139287,0.2435760443698163,0.10894011092454078,0.38399086642141317,0.5353291893949004,0.03374349866801979,0.4011092454078258,1.9385571428664234,6.110300747235488,6.740147770399169
105,private,Qualitative,17857,8350,0.06440051520412163,0.3474251497005988,0.297125748502994,0.3373466987735902,0.25749005992047935,0.46778443113772455,0.43197604790419164,0.035329341317365266,0.4676037408299266,2.016319866190766,5.550313747906658,6.947047894086661
106,foreign,Qualitative,14526,6072,0.1624673000137684,0.31389986824769434,0.41106719367588934,0.3555004818945339,0.3214924962136858,0.5973320158102767,0.32328722002635046,0.03293807641633729,0.4180090871540686,1.8499212226083426,4.847124915384912,6.733551181969203
107,recent,Qualitative,15697,9556,0.008090717971586928,0.1764336542486396,0.5306613645876936,0.24456902592852137,0.44256864368987703,0.2621389702804521,0.6353076601088321,0.026580159062369192,0.6087787475313754,1.599591459212589,5.430135294198472,6.524262530285135
108,strong,Qualitative,16528,3768,0.008470474346563407,0.333864118895966,0.23885350318471338,0.22797676669893513,0.15857938044530492,0.3744692144373673,0.5031847133757962,0.03795116772823779,0.22797676669893513,1.6208544144350783,6.1429545646735475,6.437405525595053
109,concerned,Qualitative,6335,267,0.00031570639305445933,0.27340823970037453,0.41947565543071164,0.05730071033938437,0.042620363062352014,0.45692883895131087,0.43820224719101125,0.04119850187265917,0.042146803472770326,1.9731501748310014,4.196695726706136,4.927367385809217
110,late,Qualitative,15738,7229,0.06436650146143093,0.3102780467561212,0.12104025453036381,0.2559410344389376,0.08114118693607829,0.30419145109973716,0.6009129893484576,0.02462304606446258,0.4593340958190367,1.5296209617620726,5.455062483865754,6.926549858052198
111,low,Qualitative,18547,5515,0.15290882622526555,0.3236627379873073,0.28159564823209426,0.3256591362484499,0.1504825578260635,0.3417951042611061,0.5390752493200363,0.0371713508612874,0.2973526715910929,2.0545327067281374,5.816567610039257,6.601968758650506
112,hard,Qualitative,15669,2858,0.05322611525942945,0.43806857942617217,0.18579426172148356,0.23562448146020806,0.07626523709234795,0.38593421973407976,0.49300209937018896,0.054933519944016795,0.1823983662007786,1.6409241647326651,4.722371766017066,5.99577935585347
113,bad,Qualitative,14997,2689,0.014736280589451223,0.39047973224246935,0.2078839717367051,0.22131092885243717,0.10302060412082416,0.3280029750836742,0.5370026031982149,0.04797322424693194,0.1793025271721011,1.7048615147167836,5.022472159471547,6.0002628743590805
114,present,Qualitative,18743,6637,0.03483967347809849,0.2825071568479735,0.13967153834563809,0.2209358160379875,0.09038040868590941,0.36160916076540606,0.5042941087840892,0.05740545427150821,0.35410553273222,1.9312034967470022,5.838243547096904,6.772545399635458
115,poor,Qualitative,14550,3838,0.018419243986254295,0.40672225117248567,0.2300677436164669,0.3465979381443299,0.13642611683848796,0.3811881188118812,0.4637832204273059,0.053934340802501306,0.26378006872852233,2.0086761115478535,5.681626276880841,6.4771455284655595
116,wrong,Qualitative,14112,1711,0.005598072562358277,0.15838690824079485,0.04500292226767972,0.16404478458049887,0.0207624716553288,0.18176504967855056,0.744593804792519,0.022793687901811806,0.12124433106575963,2.1186159829191022,3.980549235640468,5.51700404668675
117,easy,Qualitative,14060,1252,0.008748221906116642,0.5726837060702875,0.13099041533546327,0.13129445234708392,0.032290184921763866,0.3019169329073482,0.5958466453674122,0.039936102236421724,0.08904694167852062,1.9295165891153188,4.915279461279947,5.6633155193743026
118,simple,Qualitative,13595,3688,0.015520411916145642,0.22966377440347072,0.2546095444685466,0.19904376609047444,0.15917616770871643,0.30856832971800435,0.5772776572668112,0.04934924078091106,0.27127620448694373,1.8289872904479572,6.3057646408199135,6.269710949927928
119,current,Qualitative,13648,6452,0.04638042203985932,0.31587104773713576,0.22427154370737756,0.3368991793669402,0.2063305978898007,0.46187228766274024,0.3964662120272784,0.06773093614383137,0.4727432590855803,1.946816922063865,6.127474602893381,6.74862560613305
120,nice,Qualitative,12647,773,0.007986083656203052,0.222509702457956,0.20051746442432083,0.1256424448485807,0.05819561951450937,0.2574385510996119,0.5937904269081501,0.03234152652005175,0.061121214517276826,1.7189217729288473,4.915625823789166,4.779161151244622
121,fine,Qualitative,11413,2701,0.03574870761412424,0.3765272121436505,0.23102554609403925,0.22623324279330587,0.13738719004643826,0.4113291373565346,0.48500555349870417,0.04331728989263236,0.23665994918075878,1.5855829996591926,5.717652106646124,6.32369556711901
122,close,Qualitative,12978,2748,0.016412390198797967,0.5080058224163028,0.23726346433770015,0.23878871937124363,0.1336877793188473,0.2725618631732169,0.6128093158660844,0.030203784570596796,0.21174294960702728,1.8533453599863687,5.357853113182227,6.178602030066957
123,normal,Qualitative,12273,5547,0.012955267660718651,0.3446908238687579,0.27636560302866414,0.27719384013688586,0.19245498248187076,0.35442581575626464,0.4975662520281233,0.06778438795745448,0.45196773405035445,2.0395153543153386,6.21852875882339,6.367436793597216
124,red,Qualitative,13746,3989,0.08780736214171396,0.3990975181749812,0.21634494860867384,0.3186381492797905,0.14382365779135747,0.469791927801454,0.41814991225871145,0.04712960641764853,0.29019351083951694,1.7256230460578523,6.021255661774658,6.848198416639863
125,serious,Qualitative,12059,3143,0.009619371423832821,0.3604836143811645,0.26057906458797325,0.24280620283605606,0.19777759349863172,0.3398027362392618,0.532293986636971,0.0467706013363029,0.2606352102164359,1.6141731892817643,5.663545484824913,6.015370914549333
126,previous,Qualitative,12061,7405,0.010529806815355277,0.2060769750168805,0.2772451046590142,0.2401956720006633,0.2503109194925794,0.34044564483457124,0.4973666441593518,0.04321404456448346,0.6139623580134317,1.9332901548719588,5.752898097521264,6.631676611698731
127,significant,Qualitative,12024,2010,0.003493013972055888,0.20796019900497512,0.27810945273631843,0.1684963406520293,0.17390219560878242,0.3208955223880597,0.5069651741293533,0.03383084577114428,0.16716566866267465,1.3550201888667552,5.702511692294781,5.5940958289628036
128,happy,Qualitative,11368,829,0.010643912737508797,0.2689987937273824,0.21712907117008443,0.09755453905700211,0.05453905700211119,0.3594692400482509,0.5090470446320868,0.05669481302774427,0.07292399718508093,1.5992086343415366,4.716885526256301,5.424106678150473
129,specific,Qualitative,12038,5469,0.012626682173118459,0.14829036386908026,0.4861949168038033,0.1652267818574514,0.4062967270310683,0.4551106235143536,0.44852806728835254,0.04004388370817334,0.4543113473999003,1.8783158336358357,6.321389313578425,6.525380392448859
130,appropriate,Qualitative,11265,3125,0.007723035952063915,0.2,0.25536,0.1411451398135819,0.15099866844207724,0.3632,0.56992,0.01472,0.2774079005770084,1.8739651256772887,6.154184248383662,6.166022394663333
131,top,Qualitative,12649,4969,0.07312831053838248,0.26504326826323205,0.2080901589857114,0.3279310617440114,0.18554826468495533,0.33306500301871605,0.489635741597907,0.035620849265445766,0.3928373784488892,2.1672690528342273,6.062623801202025,6.7577921639126854
132,wide,Qualitative,11963,4287,0.018557218089108082,0.21460228598087241,0.10636808957312806,0.21407673660453064,0.08818858145950012,0.3580592488919991,0.5318404478656403,0.053417308140891066,0.3583549276937223,2.1418801267597183,4.455455251945831,6.535720427556488
133,dead,Qualitative,11313,1704,0.015645717316361708,0.25410798122065725,0.22065727699530516,0.13153009811721028,0.08255988685582957,0.5017605633802817,0.3890845070422535,0.03814553990610329,0.15062317687616017,1.366231332356803,5.462631284113543,6.205008916608296
134,sorry,Qualitative,8854,151,0.00022588660492432798,0.3509933774834437,0.11920529801324503,0.08911226564264739,0.015586175739778631,0.304635761589404,0.5827814569536424,0.039735099337748346,0.017054438671786763,1.5887431517004102,3.6278017492811885,3.83454322649981
135,successful,Qualitative,10708,2591,0.004015689204333209,0.2902354303357777,0.19027402547279043,0.1691258871871498,0.10861038475905865,0.4037051331532227,0.3913546893091471,0.06561173292165187,0.2419686215913336,1.441219190969769,6.125650860089506,5.92763928080822
136,original,Qualitative,11006,5019,0.023896056696347447,0.2976688583383144,0.11157601115760112,0.29720152644012354,0.10948573505360712,0.4178123132098028,0.38673042438732813,0.0773062363020522,0.45602398691622753,1.6645835168064795,6.641955533412797,6.604227581552102
137,basic,Qualitative,11046,3897,0.011406844106463879,0.2399281498588658,0.2702078521939954,0.2517653449212385,0.24461343472750316,0.4565050038491147,0.3756735950731332,0.06594816525532461,0.3527973927213471,1.707425380288003,5.841578914907069,6.3490325010617505
138,aware,Qualitative,10502,163,0.0005713197486193106,0.49693251533742333,0.20245398773006135,0.032089125880784615,0.008665016187392878,0.294478527607362,0.5276073619631901,0.10429447852760736,0.015520853170824606,1.126980698749621,3.6280451881398985,4.3957173735455415
139,popular,Qualitative,10415,3454,0.01785885741718675,0.41256514186450494,0.18268674001158078,0.2827652424387902,0.11800288046087375,0.5344528083381587,0.28836132020845395,0.06253618992472496,0.33163706192990877,1.5526848146897616,5.77813073532526,6.6368831430337085
140,direct,Qualitative,10501,3671,0.05132844491000857,0.5284663579406156,0.1563606646690275,0.40529473383487286,0.13113036853632987,0.36011985834922366,0.5224734404794334,0.04195042222827568,0.34958575373773926,1.913423270569702,5.565738706193924,6.300412543445752
141,useful,Qualitative,9958,1025,0.0013054830287206266,0.3024390243902439,0.30341463414634146,0.14450692910222937,0.10232978509740911,0.4526829268292683,0.4273170731707317,0.04390243902439024,0.10293231572604941,1.2804336770200613,5.108152364735649,5.226432691705865
142,effective,Qualitative,10268,1937,0.0028243085313595638,0.44914816726897266,0.15332989158492513,0.2367549668874172,0.08531359563693026,0.4429530201342282,0.42643262777490964,0.053691275167785234,0.18864433190494742,1.5689618679776203,5.6435749390520655,5.716238371975041
143,ready,Qualitative,10416,617,0.0019201228878648233,0.4538087520259319,0.19611021069692058,0.08947772657450077,0.031394009216589865,0.293354943273906,0.586709886547812,0.05672609400324149,0.0592357910906298,1.6444450618212758,4.924517382772683,5.134806699478878
144,dark,Qualitative,11308,3779,0.027502652989034312,0.24371526858957396,0.22122254564699656,0.21595330739299612,0.16908383445348427,0.34718179412543,0.5337390844138661,0.05186557290288436,0.33418818535550054,1.8811616322911515,5.48094348071036,6.481854918513567
145,independent,Qualitative,10677,3651,0.014798164278355343,0.24157764995891537,0.3166255820323199,0.2433267771846024,0.2170085229933502,0.511640646398247,0.41002465078060807,0.027115858668857847,0.34194998595110987,1.5568428317942857,5.833099024786655,6.182500429554422
146,green,Qualitative,10705,3367,0.051377860812704346,0.3180873180873181,0.2854172854172854,0.2574497898178421,0.20168145726296124,0.4541134541134541,0.4555984555984556,0.03237303237303237,0.3145259224661373,1.8511015182484343,6.0942037549445995,6.7423758495155575
147,involved,Qualitative,944,54,0.0,0.2777777777777778,0.2777777777777778,0.0614406779661017,0.036016949152542374,0.25925925925925924,0.48148148148148145,0.1111111111111111,0.057203389830508475,1.0634395888925918,2.8716496251359276,3.014946880179594
148,considerable,Qualitative,9455,2733,0.003067160232681121,0.5927552140504939,0.10903768752286865,0.5035430988894765,0.13008989952406133,0.2996706915477497,0.5872667398463227,0.04207830223197951,0.289053410893707,1.3486085259722707,5.456051121576518,5.714065159556171
149,interesting,Qualitative,9457,1088,0.0020090937929575976,0.15073529411764705,0.31985294117647056,0.12794755207782596,0.10975996616263085,0.32628676470588236,0.43106617647058826,0.05330882352941176,0.11504705509146664,1.24500335685906,5.361102098364732,4.826249689676631
150,cold,Qualitative,10912,2927,0.04976173020527859,0.3676118893064571,0.12538435257943287,0.22763929618768328,0.07258064516129033,0.3570208404509737,0.5544926545951486,0.0358729074137342,0.2682368035190616,1.5480368545200816,4.4606976456765715,6.040007199108593
151,existing,Qualitative,91,50,0.01098901098901099,0.38,0.3,0.37362637362637363,0.34065934065934067,0.48,0.38,0.08,0.5494505494505495,1.363950649238684,3.0625293002546226,3.0407272942644323
152,responsible,Qualitative,9294,1052,0.0005379814934366257,0.34695817490494296,0.2414448669201521,0.10426081342801807,0.05616526791478373,0.48003802281368824,0.4211026615969582,0.034220532319391636,0.11319130621906606,1.678067897126573,5.07382444685833,5.867958013783049
153,complete,Qualitative,9460,2350,0.004545454545454545,0.45063829787234044,0.11404255319148936,0.29746300211416493,0.0781183932346723,0.35319148936170214,0.5417021276595745,0.0374468085106383,0.24841437632135308,1.6817145256388948,6.063528552137642,6.078337446354293
154,heavy,Qualitative,9376,2767,0.0829778156996587,0.4036863028550777,0.24683773039392845,0.3197525597269625,0.1921928327645051,0.36393205637874954,0.5157209974701843,0.04156125767979761,0.2951151877133106,1.7872849503869754,5.675659952058133,6.276310912155507
155,blue,Qualitative,9708,2730,0.09322208487845077,0.34908424908424907,0.263003663003663,0.2788421920065925,0.19396374124433458,0.4347985347985348,0.4575091575091575,0.04285714285714286,0.2812113720642769,1.7261275089511185,5.566545141484245,6.453522979964755
156,hot,Qualitative,9209,2538,0.10924095993050277,0.4081954294720252,0.18518518518518517,0.3095884460853513,0.11423607340645021,0.39164696611505123,0.5047281323877069,0.04373522458628842,0.27559995656423064,1.7762979993885362,4.9013110926470755,6.188886494480774
157,past,Qualitative,11035,7396,0.009243316719528771,0.1157382368848026,0.18469442942130881,0.14263706388763026,0.16710466696873585,0.25486749594375335,0.6946998377501352,0.0167658193618172,0.6702310829179883,1.6990620153981975,4.3489761968855,6.571445732699125
158,interested,Qualitative,8686,588,0.0021874280451300945,0.1292517006802721,0.5952380952380952,0.049159567119502645,0.08139534883720931,0.4812925170068027,0.413265306122449,0.04421768707482993,0.06769514160718397,1.8416211633989037,3.489193752886721,5.235566319292509
159,future,Qualitative,8723,4989,0.010202911842256105,0.3088795349769493,0.36420124273401483,0.2977186747678551,0.34987962856815313,0.5135297654840649,0.39847664862697935,0.03888554820605332,0.5719362604608507,1.7494591348963082,6.1528423091574265,6.436407351974446
160,beautiful,Qualitative,8376,1896,0.008595988538681949,0.21729957805907174,0.229957805907173,0.17526265520534862,0.1318051575931232,0.34124472573839665,0.48945147679324896,0.04061181434599156,0.22636103151862463,1.8138087449933542,5.6007284193341516,6.0127780469969965
161,obvious,Qualitative,8311,1261,0.0016845144988569367,0.2640761300555115,0.24345757335448057,0.14270244254602335,0.09806280832631452,0.2014274385408406,0.5400475812846947,0.04837430610626487,0.15172662736132836,2.072034683375713,5.035248656790602,5.015326431229726
162,positive,Qualitative,8451,2212,0.01526446574369897,0.29972875226039786,0.24819168173598552,0.23381848301976096,0.17205064489409538,0.379746835443038,0.5076853526220615,0.037070524412296565,0.2617441722873033,1.570873020444616,5.504309537160147,5.938774666542624
163,fair,Qualitative,8656,1617,0.016982439926062846,0.5609152752009895,0.08658008658008658,0.26317005545286504,0.045748613678373386,0.4780457637600495,0.39022881880024735,0.09152752009894867,0.1868068391866913,1.497665420460272,4.177993980358839,4.953965059322151
164,senior,Qualitative,8105,3123,0.03479333744602098,0.25360230547550433,0.40121677873839257,0.3067242442936459,0.3407772979642196,0.49407620877361513,0.38424591738712777,0.026577009285943004,0.3853177051202961,1.9067895189130353,4.726389697850976,6.2108253780202425
165,relevant,Qualitative,7912,2218,0.006066734074823054,0.17312894499549145,0.2515779981965735,0.12727502527805865,0.16885743174924167,0.5324616771866546,0.3692515779981966,0.03832281334535618,0.2803336703741153,1.6630264859422645,5.69672901415467,6.118926255376728
166,huge,Qualitative,7633,2558,0.007860605266605529,0.14816262705238467,0.2732603596559812,0.16965806367090266,0.24983623739027905,0.2939796716184519,0.5860046911649727,0.03205629397967162,0.33512380453294904,1.7668798984162748,6.143378555950904,6.146898650791531
167,deep,Qualitative,8662,2803,0.06049411221426922,0.3835176596503746,0.1737424188369604,0.2875779265758485,0.13080120064650197,0.3196575098109169,0.5758116303960042,0.038530146271851584,0.3235973216347264,1.8784008004589698,5.800446695597948,6.224890479121889
168,separate,Qualitative,7971,3348,0.00840546982812696,0.10902031063321387,0.48476702508960573,0.1249529544599172,0.4040898256178648,0.3064516129032258,0.6257467144563919,0.01941457586618877,0.42002258185923974,1.8264757549918234,6.216926480800971,6.066219666734879
169,active,Qualitative,7423,2125,0.017108985585342854,0.4555294117647059,0.2164705882352941,0.28303920247878217,0.13094436211774216,0.4983529411764706,0.3887058823529412,0.03952941176470588,0.28627239660514614,1.6940155281517955,5.750946103198743,6.012599201305109
170,standard,Qualitative,7752,3232,0.01999484004127967,0.2626856435643564,0.3035272277227723,0.28753869969040247,0.24961300309597523,0.42110148514851486,0.4368811881188119,0.05971534653465346,0.4169246646026832,1.920924199552045,5.796675229113648,6.104092631151813
171,complex,Qualitative,7298,2271,0.012058098109070978,0.17569352708058125,0.3571114046675473,0.13743491367497945,0.23252946012606193,0.4760017613386173,0.424922941435491,0.0361074416556583,0.31118114551932036,1.4737903345146413,5.829345237301919,6.031783583609075
172,powerful,Qualitative,7203,1903,0.0058309037900874635,0.1981082501313715,0.27850761954808195,0.1634041371650701,0.16854088574205192,0.40409879138202837,0.4666316342616921,0.03625853914871256,0.26419547410801053,1.4944391579689686,5.990272074233063,6.0888087154036885
173,impossible,Qualitative,6838,287,0.0007312079555425563,0.27177700348432055,0.26480836236933797,0.030418250950570342,0.02325241298625329,0.2578397212543554,0.6515679442508711,0.020905923344947737,0.04197133664814273,1.7534021872233825,4.186104396562419,4.332418428623277
174,united,Qualitative,1121,196,0.030330062444246207,0.25,0.27040816326530615,0.13291703835860838,0.1159678858162355,0.5714285714285714,0.3673469387755102,0.01020408163265306,0.17484388938447815,1.6932908469312227,3.3213694035014147,4.532383322881395
175,excellent,Qualitative,6559,1319,0.017075773745997867,0.38968915845337376,0.20545868081880211,0.2788534837627687,0.1468211617624638,0.3555724033358605,0.5087187263078089,0.05155420773313116,0.2010977283122427,1.7144553724737208,5.417941887396292,5.608058787397217
176,fresh,Qualitative,6670,2209,0.019640179910044978,0.46899049343594384,0.24988682661837935,0.3734632683658171,0.2098950524737631,0.4812132186509733,0.4336803983703033,0.03214124038026256,0.331184407796102,1.253114071409773,4.938561655840021,5.779636211495127
177,far,Qualitative,2414,1598,0.024855012427506214,0.10200250312891114,0.013141426783479349,0.11847555923777962,0.01988400994200497,0.18335419274092615,0.7352941176470589,0.016270337922403004,0.6619718309859155,2.0039109816948573,2.7723484823475952,5.478169134928185
178,rich,Qualitative,7218,1829,0.011776115267387088,0.26571897211591033,0.2870420995079278,0.17761152673870878,0.16043225270157938,0.44723892837616186,0.4270092946965555,0.05522143247676326,0.2533942920476586,1.7381104044923559,5.772893639486189,6.336093638323027
179,famous,Qualitative,6514,2306,0.016886705557261284,0.2597571552471813,0.19687771032090198,0.24316856002456247,0.14000614062020264,0.4349522983521249,0.36209887250650474,0.03469210754553339,0.3540067546822229,1.6319877302632944,6.311677849033358,6.385009300628772
180,alone,Qualitative,3523,223,0.0011353959693443088,0.6053811659192825,0.21973094170403587,0.09792790235594663,0.03917116094237866,0.3273542600896861,0.5515695067264574,0.02242152466367713,0.06329832529094521,1.5720019473083202,3.8671233156930174,4.673494955447552
181,limited,Qualitative,6484,2649,0.03346699568167798,0.338240845602114,0.18799546998867497,0.2975015422578655,0.148673658235657,0.33786334465836165,0.49377123442808607,0.053982634956587394,0.4085441085749537,1.7747835434669559,5.101502847410888,6.116070294127432
182,safe,Qualitative,6767,1179,0.008127678439485739,0.2917726887192536,0.178117048346056,0.13713610166986848,0.07181912221072853,0.31721798134011875,0.5937234944868532,0.033927056827820185,0.17422787054824884,1.957249116252398,5.023937082211329,5.507318828262097
183,warm,Qualitative,6531,1730,0.02067064768029398,0.32947976878612717,0.14971098265895955,0.2123717654264278,0.08681672025723473,0.28901734104046245,0.6109826589595375,0.042196531791907514,0.26489052212524883,1.7226186391471372,4.956096123528866,5.879907862149033
184,reasonable,Qualitative,6159,1588,0.004708556583861016,0.3734256926952141,0.1561712846347607,0.21367105049521026,0.10537424906640688,0.24496221662468515,0.6542821158690176,0.04030226700251889,0.25783406397142394,2.0125929432750715,4.888460774300273,5.468843137501066
185,strange,Qualitative,6297,1468,0.009210735270763855,0.13760217983651227,0.24659400544959129,0.14991265682070828,0.140543115769414,0.2670299727520436,0.6130790190735694,0.047683923705722074,0.2331268858186438,1.6756117870373044,5.40780115247265,5.612008488139952
186,light,Qualitative,7147,2291,0.04183573527354135,0.3587952859013531,0.24574421649934527,0.28963201343220935,0.1858122289072338,0.4076822348319511,0.48974247053688347,0.0528153644696639,0.32055407863439206,1.514529425244188,5.691393510659218,6.1847234482243785
